featureid	Control10_20190721	Control12_20190731	Control9_20190715	ExtNeg_20190910	ExtNeg_20190918	ExtNeg_20191028	ExtNeg_20191031	GU190706-CTD11-220	GU190707-CTD13-310	GU190707-CTD14-315	GU190708-CTD16-252	GU190708-CTD17-171	GU190709-CTD20-280	GU190710-CTD22-245	GU190710-CTD23-190	GU190714-CTD25-185	GU190714-CTD26-260	GU190715-CTD28-310	GU190721-CTD31-205	GU190722-CTD33-205	GU190724-CTD36-310	GU190727-CTD40-210	GU190727-CTD41B-145	GU190728-CTD43-245	GU190728-CTD44B-125	GU190729-CTD46-240	GU190729-CTD47-140	GU190731-CTD50-150	PCRNeg
010e7a145bf6d7824c0afab445d912db	0	0	0	0	0	0	0	0	0	0	0	0	0	0	0	0	0	0	0	0	2	0	0	0	0	0	0	0	0
01b20b363c6b6b8077f7938f81522554	0	0	0	0	0	0	0	0	0	0	0	0	0	2013	0	0	0	0	0	2574	0	0	838	3184	0	0	0	2449	0
04722aea39fdae29b213552fb69c7cee	0	0	0	0	0	0	0	0	0	0	0	0	0	0	0	0	0	0	0	0	0	0	0	0	672	3	6414	0	0
0518a354c0e4e9fede9f4f671962be3b	0	0	0	0	0	0	0	0	0	0	0	0	0	0	66	0	0	0	0	0	0	0	0	0	0	0	0	0	0
06faf9ae3ac3f725585afaad1bb1084d	0	0	0	0	0	0	0	0	0	0	0	0	0	4	0	0	0	0	0	0	0	0	0	0	0	0	0	0	0
08c316db9d66f8b80955e688d209cfd1	0	0	0	0	0	0	0	0	0	0	0	0	520	0	0	0	0	0	0	0	0	0	0	0	0	0	0	0	0
0991a124d82cb0e614db3277ccb8517f	0	0	0	0	0	0	0	0	0	0	0	0	0	0	0	0	0	0	0	0	0	0	3334	0	0	0	0	0	0
09abae9834e42d90a579a88dd9d603e9	0	0	0	0	0	0	0	0	0	0	0	0	0	0	0	0	78	0	0	0	0	0	0	0	0	0	0	0	0
0af4106f39479b783b2762fa934c9145	0	0	0	0	0	0	0	0	0	0	310	0	0	0	0	0	0	0	0	0	0	0	0	0	0	0	0	0	0
0cdc87cd5a5664c782384df75a9ec283	0	0	0	0	0	0	0	0	0	0	0	0	0	0	0	0	0	0	0	0	0	883	0	0	0	0	0	0	0
0d07c33c21177924544857315e220938	0	0	0	0	0	0	0	0	0	0	0	0	0	0	0	0	0	55	0	0	0	0	0	0	0	0	0	0	0
0d1b8811a170641e31b43a4a83525cbe	0	0	0	0	9	0	0	0	0	4321	0	0	0	0	0	0	0	27597	0	0	0	0	0	0	0	20	0	0	0
0e109ee93cfc3665039a35c644d4b0b8	0	0	0	0	0	0	0	0	0	0	0	0	0	0	0	0	0	121	0	0	0	0	0	0	0	0	0	0	0
0e3cbac91bc6c59295ac1d342b3f2e59	0	0	0	0	0	0	0	0	0	0	0	0	0	0	0	0	0	0	0	0	0	0	0	0	0	1622	0	0	0
0ea2e0790a9e3f527cc42c0f9d034deb	2	0	38	0	0	0	0	0	0	0	0	0	0	0	0	0	0	0	0	0	0	0	0	0	0	0	0	0	0
0fafa733e5bdaa8c866c830461995154	0	0	0	0	0	0	0	0	0	0	0	0	4	0	0	0	0	0	0	0	0	0	0	0	0	0	0	0	0
0fcfa48aacd14a6e326c91eb6e206af6	0	0	0	0	0	0	0	0	0	0	0	0	0	0	0	0	0	0	0	0	0	0	0	0	0	0	0	167	0
121eec910075fc2c651c8c99f2bfcd52	0	0	0	0	0	0	0	0	0	997	0	0	0	97	0	0	0	1585	0	0	0	0	0	0	190	544	0	0	0
130a39354b2deecdcc06948c48290343	0	0	0	0	0	0	0	0	0	0	0	0	0	0	0	0	0	1542	0	0	0	0	0	0	0	0	0	0	0
132ee8e45e777f7bb252ba344a6fe3a1	0	0	0	0	0	0	0	0	0	0	0	0	0	0	0	0	0	0	0	3	1044	0	0	0	0	0	0	0	0
13a9742afd747477e65a8563225bf2a9	0	0	0	0	0	0	0	0	0	0	4	0	0	0	0	0	0	0	0	0	0	0	0	0	0	0	0	0	0
14c130abce016dc581cdc6fc338b807d	0	0	0	0	0	0	0	0	0	0	0	0	0	0	0	0	0	0	0	0	0	2333	0	0	0	0	0	0	0
14f4958db335815f97bb8df80fa752d0	0	0	0	0	0	0	0	0	0	0	0	0	0	0	0	13	0	0	0	6	0	0	0	0	0	0	0	0	0
15401a5507a01b1dc5c44e4cae01b7f1	0	0	0	0	0	0	0	0	0	0	0	0	0	0	0	0	0	0	0	0	0	0	0	0	0	0	37	0	0
156e2d9209396f421304620472e5ee32	0	0	3	0	0	0	0	0	0	0	0	0	0	0	0	0	0	0	0	0	1586	0	0	0	0	0	0	0	0
1613b76a02e066013d100d1ba12baf4c	0	0	0	0	9	0	0	0	0	20580	10063	0	0	0	0	0	3460	28517	0	2	5226	0	0	0	0	4019	5	0	0
18109634cc2f8e156e5402bf13cf4502	0	0	0	0	0	0	0	4	0	0	0	0	0	0	0	2379	0	0	0	0	0	0	0	920	0	0	0	0	0
183bc18f3e5eac45c6dd248fb86d64bf	0	0	0	0	0	0	0	5317	8	0	0	0	0	958	0	2811	8170	0	0	0	0	0	0	0	5	0	0	0	0
1b90801bfea1c582499276f6ed9a9df4	0	0	0	0	0	0	0	0	0	0	679	0	0	0	0	0	0	0	0	0	0	0	0	213	0	0	0	0	0
1bcb5d84a33eb697519aa0baed8d527e	0	0	0	0	0	0	0	0	0	0	0	0	0	0	0	0	0	0	4383	0	5044	0	373	0	0	0	0	0	0
1cafd52d7b4ed7a4f80f2449577f47f4	0	0	0	0	0	0	0	0	4	0	0	0	0	0	0	0	0	0	0	0	0	0	0	0	0	0	0	0	0
1d76e66c16f65627e97a1305eab3bb4b	0	0	0	0	0	0	0	0	0	0	21	0	0	0	0	0	140	0	0	0	0	0	0	0	0	0	0	0	0
1eab1579b7694005e8f0b63d93bda116	0	0	0	0	0	0	0	0	0	0	0	0	0	472	0	0	0	0	0	0	0	0	0	0	0	0	0	0	0
200dd669a6d42d489d3be28470a4403f	0	0	0	0	0	0	0	0	0	0	0	0	0	2255	0	0	5823	0	0	977	0	2716	0	0	0	0	0	0	0
203b53b8970fa9044d53378316352034	0	0	0	0	0	0	0	0	0	0	0	0	0	0	0	0	0	0	0	0	0	1155	0	0	0	0	0	0	0
2050d105c4b3974f85aeb52fc2942770	0	0	0	0	0	0	0	0	0	0	0	12400	0	836	0	0	0	0	0	0	0	0	0	0	0	0	0	0	0
2092178319f35cd5334d85953f640a1e	0	0	0	0	0	0	0	0	0	0	0	0	0	0	0	0	0	0	0	0	0	0	35	0	3	0	0	0	0
210b39c8c67cc753dadaf9d357be4686	0	0	0	0	0	0	2	0	0	0	0	19850	0	0	0	5	0	0	4864	10	0	0	392	2190	1517	0	0	6644	0
221cebf8d14311e38ea450f11c20a829	0	0	10	0	7	0	0	0	81360	0	13922	0	62675	0	0	0	0	0	5906	0	24928	0	0	27470	17815	0	0	0	0
228e00bb5e09340a9a8ad80c0652f0b2	0	0	0	0	0	0	0	0	0	0	0	0	0	0	0	0	28	0	0	0	0	0	0	0	0	0	0	0	0
2375c162b8a10125bc88a035db50942b	3	0	37	0	0	0	0	0	0	0	0	0	0	0	0	0	0	0	0	0	0	0	0	0	0	0	0	0	0
23bcc108bb3782f00f64bd883a73bd83	0	0	0	0	0	0	0	0	0	0	0	0	0	0	0	0	11338	0	0	0	0	0	0	0	0	0	0	0	0
252e7f0ebec96c6e34c132c93c32c4ed	0	0	0	0	0	0	0	0	0	0	0	0	0	0	0	5649	0	0	0	0	0	0	662	0	0	0	0	0	0
2675434cbac48d2d77d094671cd740cb	0	0	0	0	0	0	0	0	0	0	0	0	0	0	0	0	0	0	4	0	0	0	0	0	0	0	0	0	0
272424320832756fad82b5f722b90a20	0	0	0	0	0	0	0	0	0	0	0	0	0	0	0	0	0	3945	0	0	0	0	0	0	0	0	0	0	0
27ce4ef8aab0e2029cd272404006e061	0	0	0	0	0	0	0	0	270	0	0	0	0	0	0	0	0	0	0	0	0	0	0	0	0	0	0	0	0
27d7f7c7e2801c4bed10c8556d26c87e	0	0	0	0	0	0	0	0	0	0	0	0	0	0	0	0	0	0	0	4915	0	0	0	0	0	0	0	0	0
27d92168a5952a2ce4aeea158dda2db0	0	0	0	0	0	0	0	0	0	0	0	0	0	0	0	0	0	0	0	2600	0	0	0	0	0	0	0	0	0
28388a74caf373dfb47998773b761792	0	0	0	0	0	0	0	0	0	0	3050	0	0	0	0	0	0	0	0	0	0	0	0	0	0	0	0	0	0
28fca7046dd486b7ff9eca1d3bcb33c3	0	0	0	0	0	0	0	0	0	0	0	0	0	0	0	0	0	0	0	0	0	0	0	653	0	0	0	0	0
2904f05858ff2ea2226e8e9b5b391f05	0	0	0	0	0	0	0	0	0	0	0	0	3133	0	0	0	0	0	0	0	0	0	0	0	0	0	0	0	0
291c0abe4e60d4ae92c1a81b2a3f8a80	0	0	0	0	0	0	0	0	0	0	0	0	0	0	0	0	0	0	0	0	0	0	0	358	0	0	0	0	0
2a1a19941872faad157f0124797d744c	0	0	0	0	0	0	0	0	0	1527	0	0	0	0	0	0	0	0	0	0	0	0	0	0	0	0	0	0	0
2b59fabd06780a39a020e24344580213	0	0	0	0	0	0	0	0	0	0	0	0	0	315	0	0	0	0	0	0	0	0	0	0	0	0	0	0	0
2bc0c63bedeb896cd3a5245ae00e84fc	0	0	0	0	0	0	0	0	0	0	0	0	0	0	0	0	0	0	0	0	0	0	526	0	905	0	0	0	0
2cc5c1d49462f07d640a232f5db5c9db	0	0	0	0	0	0	0	0	0	0	0	0	0	1620	0	2680	0	0	0	0	0	1660	0	0	0	0	0	0	0
2db56daf135ec618160983846d75154e	0	0	0	0	0	0	0	0	0	0	0	0	0	0	0	0	0	0	0	0	0	0	0	0	21	0	0	0	0
2f14a6d662b2a1f1cb5e48228ae76f71	0	0	0	0	0	0	0	0	0	0	1258	0	0	0	0	0	0	8452	0	0	0	0	0	0	0	0	0	0	0
2f8a0582dbf460a6f78cdc901610dc0f	0	0	0	0	0	0	0	0	0	0	0	0	0	1640	0	0	0	0	0	0	0	0	0	0	0	0	0	0	0
2f995758d5c962bce586d542eb277004	0	0	0	0	0	0	0	0	0	0	0	0	0	0	0	0	2277	0	0	0	0	0	0	0	0	0	0	0	0
2f9f06af17babd132e0bd1c1d5ce9a50	0	0	0	0	0	0	0	0	0	16	0	0	0	0	0	0	0	0	0	0	0	0	0	0	0	0	0	0	0
2fa64b5258611afaf3289c3ee8f3004b	0	0	0	0	0	0	0	0	0	0	0	0	0	210	0	0	0	0	0	0	0	0	0	0	0	0	0	0	0
2fab6035b33bb0e0e2b0497afa0a7c79	0	0	0	0	0	0	0	0	0	0	0	0	0	0	0	0	0	0	0	0	0	0	0	259	0	0	0	0	0
31549962994c6f81e7e7ab903be90e67	0	0	0	0	0	0	0	0	0	0	0	0	0	0	0	0	0	0	0	0	0	2512	0	0	0	0	0	0	0
31828d3afa450c773284deab01c5c367	0	0	0	0	0	0	0	0	0	0	0	0	0	0	0	0	0	0	0	0	0	853	0	0	0	0	0	0	0
33e95fb046ad2a2dda0aac37908d2b26	0	0	0	0	0	0	0	0	0	0	0	0	0	0	0	0	0	0	0	0	0	0	320	0	0	0	0	0	0
3502ccef24c847e21f01940254fd6e29	0	0	0	0	0	0	0	0	0	0	0	0	0	2134	0	0	0	0	0	0	0	0	0	6226	0	84	0	0	0
36376b39b80e40fac4e2f615362bd7c4	0	0	0	0	0	0	0	0	0	0	0	0	0	0	0	0	1080	0	0	0	0	0	0	0	0	0	0	0	0
3b6cd5378a0dcaefbbdf70f0408619c5	0	0	0	0	0	0	0	0	22272	0	2667	0	0	0	0	0	0	0	0	0	0	0	0	0	0	0	0	0	0
3ba385dabb40e37be2c8c793f0cbedc6	0	0	0	0	0	0	0	0	0	0	0	0	0	0	0	0	0	0	0	0	0	0	0	0	1557	0	0	0	0
3c64823f9fe1b8e3dee560e7bb3b193c	0	0	0	0	0	0	0	3	0	0	0	0	0	41727	0	8280	6	0	6439	1547	0	2176	517	3	0	0	3902	0	0
3d05579d16c65c935c17adb6b4f84b4e	0	0	0	0	0	0	0	0	0	0	1394	0	0	0	0	0	0	0	0	0	0	0	0	0	0	0	0	0	0
408da5f0428345c0aeda2f95a69f2103	0	0	0	0	0	0	0	0	0	0	0	0	0	733	0	0	0	0	0	0	0	0	0	0	0	0	0	0	0
475e0e642a0343085715a6c07ff5824e	0	0	0	0	0	0	0	0	25	0	0	0	0	0	0	0	0	0	0	0	0	0	0	0	0	0	0	0	0
4b901b8f53750cf25d659e5832ac6da2	0	0	0	0	0	0	0	0	92	17	0	0	0	0	0	0	0	0	0	0	0	0	0	0	0	0	0	0	0
4f8080714330380f6e967a640b8a712c	0	0	0	0	0	0	0	0	0	0	0	0	0	0	0	0	0	4103	0	0	0	0	0	0	0	0	0	0	0
505d60d0ca4762141d45f294909b973c	0	0	0	0	0	0	0	0	0	0	0	0	0	0	0	10	0	0	0	0	0	0	0	0	0	0	0	0	0
534e20c917378ae809aeb4dcf84ba834	0	0	0	0	0	0	0	0	6735	0	0	0	16625	0	0	0	0	0	0	0	806	0	556	0	3748	0	0	0	0
5394636d91cc975a4947ce4436461537	0	0	0	0	0	0	0	0	0	0	0	0	0	0	0	0	0	0	0	0	0	0	0	0	910	0	0	0	0
54f87c4216a0a7440e0c990314474269	0	0	0	0	0	0	0	0	0	0	0	0	0	0	0	0	0	1141	0	0	0	0	28	0	0	0	0	0	0
562b4c8b5fc7ae831544d3588c15bbb0	0	0	0	0	0	0	0	0	0	0	0	0	0	0	0	0	0	0	0	0	0	0	0	0	0	18	0	0	0
568a103ab7c361e601742503b0c784b0	0	0	0	0	0	0	0	0	0	0	4	0	0	0	0	0	0	0	0	0	0	0	0	0	0	0	0	0	0
5ec286d8cf865101ddfd53dba8da1315	0	0	0	0	0	0	0	0	0	0	0	0	0	761	0	0	0	0	0	0	0	0	0	0	0	0	0	0	0
601d2d52cd27ee87bda8502b450e0be9	0	0	0	0	0	0	0	0	0	0	0	0	0	0	0	0	0	148	0	0	0	0	0	0	0	0	0	0	0
62131db008a1791277e2808215ecafee	0	0	0	0	0	0	0	0	12	0	0	0	0	0	0	0	0	0	0	0	0	0	0	0	0	0	0	0	0
6221ea576c3e018de52d8e420b6bc921	0	0	0	0	0	0	0	0	0	0	0	0	0	593	0	0	0	0	0	0	0	0	0	0	0	0	0	0	0
63ef42067029a6fda75dec7b9ffb5663	0	0	0	0	0	0	0	0	0	0	0	0	420	0	0	0	0	0	0	0	0	0	0	0	0	0	0	0	0
66486a96ada2bc8ff0229380ee3f94ea	0	0	0	0	0	0	0	0	0	0	0	0	0	0	200	0	0	0	0	0	0	0	0	0	0	0	0	0	0
67a049f738a4cfcecc13cde773c3d6a5	0	0	0	0	0	0	0	0	0	0	0	0	0	0	4967	4182	0	0	0	0	0	0	4	6	0	0	0	0	0
67adc25f0cbe8d0a25a4b716b2a40954	0	0	0	0	0	0	0	0	0	0	0	0	0	0	0	0	0	0	0	0	0	0	0	0	0	0	192	0	0
69b00ffe3b02e7888a3743906f4e657a	0	0	0	0	0	0	0	0	0	0	4531	0	0	0	0	0	0	0	0	0	0	0	0	0	0	0	0	0	0
69e530ec09bc172e406de1b08f694bd2	0	0	0	0	0	0	0	0	0	0	0	0	756	0	0	0	0	0	0	0	0	0	0	0	0	0	0	0	0
6acca2d2e326e49a999997b2dadc42f9	0	0	0	0	0	0	0	0	0	0	0	0	1171	0	0	0	0	0	0	0	0	0	0	0	0	0	0	0	0
6b9e15d61007c87345224c5fd830cbd7	0	0	0	0	0	0	0	0	0	0	0	0	0	0	0	0	1034	0	0	0	0	0	0	0	0	0	0	0	0
712ee4df3238890180e58e8098b3f0fe	0	0	0	0	0	0	0	0	0	0	0	0	0	0	0	0	0	0	6	0	0	0	0	0	0	0	0	0	0
71f9652fbee527583622440c763be299	0	0	0	0	0	0	0	0	0	0	0	0	0	0	0	0	0	1311	0	0	0	0	0	0	0	0	0	0	0
72b720dedb2422bfcf7b5ffdf843b452	0	0	0	0	0	0	0	0	0	0	0	0	0	0	0	0	0	6	0	0	0	0	0	0	0	0	0	0	0
74ff499efd035a8a1ffa91180617e614	0	0	0	0	0	0	0	0	0	0	0	0	0	0	0	0	0	0	0	0	0	0	657	0	0	0	0	0	0
7735a966b1a06fbd94a4ddc3741a0544	787	0	0	0	0	0	0	0	0	0	0	0	0	0	0	0	0	0	0	0	0	0	0	0	0	0	0	0	0
781e1d0cf581569ca761dfb81438b698	0	0	0	6	0	0	0	4276	0	0	0	0	0	0	0	3920	0	0	0	0	0	0	0	0	0	0	0	0	0
7820a79d1971219a2dcd1349e8096468	0	0	0	0	0	0	0	0	0	0	0	0	0	0	0	0	0	0	0	953	0	0	0	0	0	0	0	0	0
78e23f1c39be4467f30f5f364360699c	0	0	0	0	0	0	0	0	0	0	912	0	0	0	0	0	0	0	0	0	0	0	0	0	0	0	0	0	0
7949936eb7c1db330adfcf2f3332d142	0	0	0	0	0	0	0	0	0	0	104	0	0	0	0	0	18	0	0	0	0	0	0	3	0	0	0	0	0
7ab0d148efada6a8fc0562ddf11e100f	0	0	0	0	0	0	0	0	0	0	0	0	0	0	0	113	0	0	0	0	0	0	0	0	0	0	0	0	0
7b0bd023ed4a4dbbf8878509b5389655	0	0	0	0	0	0	0	0	0	0	0	0	0	0	111	0	0	0	0	0	0	0	0	0	0	0	0	0	0
7ba4999b6ea75f33389d89c0b7a7da4f	0	0	0	0	0	0	0	0	0	0	0	0	0	0	0	264	0	0	0	0	0	0	0	0	0	0	0	0	0
7bec454754385c3407185dd45e204b39	0	0	0	0	0	0	0	0	0	0	0	0	0	0	0	0	0	0	0	0	0	0	0	0	0	0	0	4067	0
7c0c25fceeb3a37646d74c9db54ec7c9	0	0	0	0	0	0	0	0	0	0	0	0	0	0	0	0	1979	0	0	0	0	0	0	0	0	0	0	0	0
7cb4b6694103cdd14e30a353f3fd36b7	0	0	0	0	0	0	0	0	0	0	0	0	0	0	0	0	0	4673	0	0	0	0	0	0	0	4	0	0	0
7cd92288a34ab57abf2628deacbfbb21	0	0	0	0	0	0	0	0	0	0	0	0	897	0	0	0	0	0	0	0	0	0	0	0	0	0	0	0	0
7dd7b2fcbd15409ecd357fcd72bf0d26	0	0	0	0	0	0	0	0	0	0	0	0	0	0	0	0	0	0	0	0	0	0	0	1048	0	0	0	0	0
7ee3f4b2647dac40317b371f44543679	0	0	0	0	0	0	0	0	0	0	0	0	0	0	0	1752	0	0	0	0	0	0	0	0	0	0	0	3620	0
7f33c23b1e34240e66bf346182bee281	0	0	0	0	0	0	0	0	306	0	0	0	0	0	0	0	0	0	0	0	0	0	0	0	0	0	0	0	0
809c3704639d4d2fe0d86da5cdfdd504	0	0	0	0	0	0	0	0	0	0	0	0	1404	0	0	0	0	0	0	0	0	0	0	0	0	0	0	0	0
80d1d25796024905f72e0c0a1dd1f1e0	0	0	0	0	0	0	0	0	0	2120	0	5873	0	0	0	0	8792	0	0	29	0	0	0	0	0	0	0	0	0
82b9e863319e3aaee8e524e807f0e38a	0	0	0	0	0	0	0	0	72	0	0	0	0	0	0	0	0	0	0	0	0	0	0	0	0	0	0	0	0
847442c40103c9e29c4276e457a1cf3b	0	0	0	0	0	0	0	0	0	0	0	0	0	0	6088	0	0	0	0	0	0	0	0	0	0	0	0	0	0
86df832062eac506168f10019d968492	0	0	0	0	0	0	0	0	0	5	0	0	0	0	0	0	0	0	0	0	0	0	0	0	0	0	0	0	0
871ef34571fc4749bfee1b7a93330c0f	0	0	0	0	0	0	0	0	0	0	0	0	0	0	0	2507	0	0	0	0	0	0	0	0	0	0	0	0	0
87fc62ed809caa00b26b8cbf9255c7ac	0	0	0	0	0	0	0	8277	5	0	0	0	0	1820	0	6	0	0	0	0	0	0	0	5	0	0	0	0	0
89da54cee5c4fe6ce6d58eb151efae01	0	0	0	0	0	0	0	0	0	0	0	0	6444	0	0	0	0	0	0	0	0	0	0	0	0	0	0	0	0
8a589d893ed345b1fdd29cb8c1522ca9	0	0	0	0	0	0	0	0	0	0	0	0	0	973	0	2848	0	0	0	0	0	0	0	0	0	0	0	0	0
8be2e182df7b8fc5a1c996a1ebfa1023	0	0	0	0	0	0	0	0	0	0	0	0	22	0	0	0	0	0	0	0	0	0	0	0	0	0	0	0	0
8cf6616edcbe59b0e577a92e73e00ac0	0	0	0	0	0	0	0	0	0	0	0	0	3555	0	0	0	0	0	0	0	2	0	0	0	0	0	0	0	0
8e976eeb3f562a8821450401b0e61db8	0	0	0	0	0	0	0	0	0	0	0	7628	0	0	0	0	0	0	0	9	0	0	0	0	0	0	0	0	0
8f9c2606f5bb5a4867a22ec20c3f7067	0	0	0	0	0	0	0	3	14814	0	1219	0	0	0	0	0	5	0	0	0	0	0	0	0	6	0	0	0	0
8f9d42a2d629bbe923009b395c0531fc	0	0	0	0	0	0	0	0	0	0	0	0	0	274	0	0	0	0	0	0	0	0	0	0	0	0	0	0	0
90a8f68ed02263f092c8e88e7ddcc679	0	0	0	0	0	0	0	0	0	0	0	0	0	0	0	125	1720	2836	0	0	0	0	0	0	0	0	0	0	0
91a5e40abb65efa92474a806860e189a	0	0	0	0	0	0	0	0	0	5	0	0	0	0	0	0	0	6441	0	0	0	0	0	0	0	0	0	0	0
923fc8fd691d2de3dd2700d136cf3e22	0	0	0	0	0	0	0	0	0	0	0	0	0	0	0	0	0	0	0	2721	0	3192	0	0	0	0	0	0	0
9305214eaa7c4a79f9455be7aa00047f	0	0	0	0	0	0	0	0	0	0	0	0	0	0	0	0	0	0	0	0	0	0	0	0	2320	0	0	0	0
9338c4bb53548098d0930c085301c283	0	0	0	0	0	0	0	0	0	0	0	0	0	0	0	0	3	0	0	0	0	0	0	0	0	0	0	0	0
93bb2bf6c3918baa522bcd668b3d5573	0	0	0	0	0	0	0	0	0	22107	12088	0	6672	2309	14121	2915	18420	7469	6500	0	1002	1057	3733	0	0	0	15093	2975	0
94a56ceddd4fa4b43e346fe268075278	0	0	0	0	0	0	0	0	0	0	0	0	0	535	0	0	0	0	0	0	0	0	0	0	0	0	0	0	0
94c9549b503d074ca52d17868303bb47	0	0	0	0	0	0	0	8	0	9898	0	0	0	1581	0	6272	3	0	0	0	0	0	527	0	0	4	0	0	0
94feba789abfcd9ac8158e77b7f4bef8	0	0	0	0	0	0	0	0	0	0	0	0	0	7	0	0	0	0	0	0	0	0	0	0	0	0	0	0	0
95ced5688cc1d77e2c7689904ff8a538	0	0	0	0	0	0	0	0	0	0	11310	0	0	0	3424	0	0	0	0	0	0	0	0	0	0	0	0	0	0
962f3ed7650045fd912d010fa87c14bf	0	0	0	0	0	0	0	0	0	0	0	0	0	0	0	0	0	0	0	0	4	0	0	0	0	0	0	0	0
967601f38cbbaa6ec2fdbb47a1bedb76	0	0	0	0	0	0	0	0	0	0	0	0	0	0	0	0	0	0	0	0	0	0	0	0	0	538	0	0	0
96e6eeb0b0898aba8cfe7378c1f05a16	0	0	0	0	0	0	0	0	0	0	0	0	0	0	0	0	331	0	0	0	0	0	0	0	0	0	0	0	0
970eced573d0e7c1c716dfd084aeb9bf	0	0	0	0	0	0	0	0	0	0	0	0	0	0	0	0	0	0	0	0	0	0	0	0	0	15	0	0	0
987ba75c9a982889bffef2be8562600c	0	0	0	0	0	0	0	0	0	0	0	0	0	0	0	0	0	0	0	0	0	0	0	0	103	0	0	0	0
99d918d2b66a9418e50eeed3572f4f47	0	0	0	0	0	0	0	3575	0	0	0	0	0	0	0	5306	0	0	0	0	1592	0	0	4	0	0	0	0	0
99e53b02029b9abd33292f0a233e4fef	0	0	0	0	0	0	0	0	0	0	0	0	0	0	2653	0	0	0	0	0	0	0	0	0	0	0	0	0	0
9be0ab5cc11f481a7feb4c2bbf338cb1	0	0	0	0	0	0	0	0	0	0	0	0	0	0	0	0	0	0	0	0	19	0	0	0	0	0	0	0	0
9bf459465a3bcda1b81b456acb5451e7	0	0	0	0	0	0	0	0	0	0	3652	0	0	0	0	0	0	0	0	0	0	0	0	0	0	0	0	0	0
9ea9b8d88cf75c3444fcf28cb3ccd917	0	0	0	0	0	0	0	0	0	0	0	0	0	0	0	0	0	6080	0	0	0	0	0	0	0	0	0	0	0
9fd43a3887a33c43159272075de8651e	0	0	0	0	0	0	0	0	0	0	111	0	0	0	0	0	0	0	0	0	0	0	0	0	0	0	0	0	0
a116b6ade4507c86346ae3f99e32b225	0	0	0	0	0	0	0	0	0	0	0	0	0	0	0	0	0	0	0	0	0	0	0	515	0	0	0	0	0
a126a5441c16047483b01f70ed359379	0	0	0	0	0	0	0	0	0	0	0	0	0	0	0	0	0	0	0	0	0	0	0	6	0	0	0	0	0
a1ea8682b0f18cd5a858c75e4211427d	0	0	0	0	0	0	0	0	0	0	0	0	0	0	0	0	0	7011	0	0	0	0	0	0	0	0	0	0	0
a300083fd8228af5d19b242f26ecc137	0	0	0	0	9	0	0	0	17	70045	0	0	0	0	0	0	3801	3364	0	3495	5343	1316	0	0	0	20	0	0	0
a4292d904b3e1c369e281163d25322ae	0	0	0	0	0	0	0	0	10	0	12246	0	0	589	0	0	7193	0	11	0	2018	0	0	0	1101	4072	0	6671	0
a7884757036f4733cb447d544093d427	0	0	0	0	0	0	0	0	0	0	3640	0	0	1717	0	723	3453	0	0	0	0	1717	0	1040	1838	5351	0	0	0
a91ee8e93cda31253e658f2d6647d84c	0	0	0	0	0	0	0	0	0	29	0	0	0	0	0	0	0	0	0	0	0	0	0	0	0	0	0	0	0
a97491fddd3d1688b5db049ed268a726	0	0	0	0	0	0	0	0	0	3832	0	0	0	0	0	0	0	0	0	0	0	0	0	0	0	0	0	0	0
aae2dedca7810ab1cd85be0656903e3f	2	0	0	0	0	0	0	0	0	0	0	0	0	0	4	13806	0	0	0	0	1481	4814	0	9	0	0	8771	3508	0
ab63d8bae05e2423c4cb4babe76f24af	0	0	0	0	0	0	0	0	0	0	0	0	0	0	0	0	0	0	0	0	0	0	0	628	0	0	0	0	0
abb79055bf3a47fdd8b1af716e88d94b	0	0	0	0	0	0	0	0	0	9087	0	0	0	0	0	0	0	7	0	0	0	0	0	0	0	5	0	0	0
ac6bfba0988c7e35c61bdd8296c180a7	0	0	0	0	0	0	0	0	0	0	0	0	0	0	0	0	0	0	0	0	0	0	0	0	0	3959	0	0	0
afc8cb589a0630420307f5af8c840b31	0	0	0	0	0	0	0	0	0	0	0	0	0	0	0	0	0	0	0	0	0	0	0	0	0	1488	0	0	0
b4510fcc4a75df9975b24a63cc5a9ed2	0	0	0	0	0	0	0	0	0	0	0	0	0	0	0	0	0	589	0	0	0	0	0	0	0	0	0	0	0
b463bf01b1f040d3f4ee5e512d6bf48f	0	0	0	0	0	0	0	0	0	22589	2718	0	2392	0	0	0	0	37752	0	3732	6067	0	0	3758	0	0	0	0	0
b68f74d98fd55d8b093dde9b4b2ed6e1	0	0	0	0	5	0	0	0	14	70029	6467	0	6	0	0	0	0	5323	3	0	10592	0	0	0	0	30	0	0	0
b894b7bbdc174dd78fe7a0a817332e14	0	0	0	0	0	0	0	0	0	0	0	0	0	0	0	0	0	0	0	0	0	0	0	0	0	0	0	4	0
b8c0d362b63056ba3e577995ab9223bd	0	0	0	0	0	0	0	0	0	0	0	0	0	0	0	4372	0	0	0	0	0	0	0	0	0	0	0	0	0
bab020a5797d2c359ee20222f4c3800b	0	0	0	0	0	0	0	0	0	11849	1954	0	0	0	0	0	0	0	0	0	0	0	0	0	0	0	0	0	0
bbb8565c72ab822267bd387cbb87ab70	0	0	0	0	0	0	0	0	8097	0	0	0	0	0	0	0	0	0	0	0	0	0	0	0	0	0	0	0	0
bccbe2702812aafb4c33e8448164ccb1	0	0	0	0	0	0	0	0	0	0	0	0	0	0	0	0	0	0	0	0	0	0	0	0	0	3281	0	0	0
bceecc075bcfe740b5bb42f6f7c2eb2c	0	0	0	0	0	0	0	0	0	0	0	0	0	0	0	0	0	0	5277	0	0	0	0	0	0	0	0	0	0
bd3f989903adf55f8e4c12843d7421cc	0	0	0	0	0	0	0	0	0	0	0	0	0	0	0	0	0	0	0	0	0	3271	0	0	0	0	0	0	0
bde24d05f796db0138c4320a0164cb16	0	0	0	0	0	0	0	7	0	0	0	0	0	0	0	0	0	0	0	0	0	0	0	0	0	0	0	0	0
be16f475f0c998fba80999863af4987a	0	0	0	0	0	0	0	0	0	0	0	0	0	0	0	0	0	0	0	0	2	0	0	0	0	0	0	0	0
c0fb8c11ac468fb614ac794999e36206	0	0	0	0	0	0	0	0	0	0	0	0	0	11	0	0	0	0	0	0	0	0	0	0	0	0	0	0	0
c19e6670cded5cc104d6275c420fbe00	0	0	0	0	0	0	0	0	0	0	0	0	0	0	0	0	0	0	0	0	1441	0	0	0	0	0	0	0	0
c39355ca1a9f4e1abd126783bceae5f7	0	0	0	0	0	0	0	0	0	0	0	0	0	0	0	0	0	0	0	0	0	0	0	0	0	559	0	0	0
c3c5efb5a0a4b46fce24fb7b9ae9615e	0	0	0	0	0	0	0	0	0	0	0	709	0	0	0	0	4301	0	0	0	0	0	0	0	0	0	0	1594	0
c3d290b5ff0061a9066a0aab03c779f3	0	0	0	0	0	0	0	0	0	375	0	0	0	0	0	0	0	0	0	0	0	0	0	0	0	0	0	0	0
c579c4877f1c900f36eb31dc29cb3751	0	0	0	0	0	0	0	0	0	0	0	0	0	0	0	0	0	0	0	0	887	175	0	0	0	0	0	0	0
c613090603e85c4c6725f3a2347c4e8e	0	0	0	0	0	0	0	0	0	0	0	0	0	0	0	0	0	0	0	0	110	0	0	0	40	0	9	0	0
c639ed64a6fce99410f83723715bb37f	0	0	0	0	0	0	0	0	0	0	3	0	0	0	0	0	0	0	0	0	0	0	0	0	0	0	0	0	0
c63b6bbfa0e110a0699ea11f1762bf31	0	0	0	0	0	0	0	0	0	0	0	0	0	0	0	0	0	0	2	2365	0	0	0	0	0	0	0	0	0
c6dc67d9f3e540b14078bab4981e9c90	0	0	0	0	0	0	0	0	0	0	0	0	0	0	0	0	0	0	0	0	0	0	0	2	0	0	0	0	0
c786500ed1dcbae9a982b510c5bb7f44	0	0	0	0	0	0	0	0	0	0	0	0	0	858	0	0	0	0	0	3827	0	161	0	0	0	0	0	0	0
c8f30a3d35bb48f3195d4d35c7433a4e	0	0	0	0	0	0	0	0	0	0	0	0	0	0	0	0	0	0	0	0	0	14	0	0	0	0	0	0	0
c90fc42d0c7346b40a76267249e535b4	0	0	0	0	0	0	0	0	0	0	0	0	0	0	0	0	0	0	0	0	0	0	0	0	1366	0	0	0	0
c9ffc3f48da4ec3a5fe0e127e73fc8ca	0	0	0	0	0	0	0	0	0	0	0	0	0	902	0	0	0	0	0	0	0	0	0	0	0	0	0	0	0
ca286130e91f9aebe05c21ec8e606440	0	0	0	0	0	0	0	0	0	0	0	0	87	0	0	0	0	0	0	0	0	0	0	0	0	0	0	0	0
ca6706a7649bd835555774cc496b645e	0	0	0	0	0	13	0	7606	0	0	4	0	0	0	0	0	0	0	0	2938	0	0	0	0	2780	0	27393	0	0
ccb240129a43b69eb559d0bdb08ed2b5	0	0	0	0	0	0	0	0	0	0	0	0	0	0	0	0	0	0	0	0	2579	0	0	0	0	0	0	0	0
ced92b0d472a81977f9333dba60a932d	0	0	0	0	0	0	0	0	0	10	0	0	0	0	0	0	0	5732	0	0	0	0	0	0	0	0	0	0	0
cf67d91ef7d98514aa595613d437fd3f	0	0	0	0	0	0	0	0	0	0	0	0	0	0	0	0	0	0	0	0	7	0	0	0	0	0	0	0	0
cf888f5fa29c1d2d94fa2e9a5f57423a	0	0	0	0	0	0	0	0	0	0	0	0	0	0	0	0	0	0	4	0	0	0	0	0	0	0	9445	0	0
d0716e147611a9ee790992332f1e6cfc	0	0	0	0	0	0	0	0	0	0	0	0	0	0	0	0	0	0	4	0	0	148	0	0	0	0	10787	0	0
d18090749dc47011111f31aaa8416190	46	36	9	14	0	0	9	244495	260	0	22374	83861	24	130728	62861	89801	15029	8	100374	123860	3272	159304	146747	16378	110578	3606	25070	131593	58
d1c370a9a85a82c0d43d610bd4bcb72d	0	0	0	0	0	0	0	0	0	0	0	0	0	318	0	0	0	0	0	0	0	0	0	0	0	0	0	0	0
d363773b2f148e6c1879ea1820a94d02	0	0	0	0	0	0	0	110	0	5139	3708	0	0	0	7	89470	15	5	0	0	0	0	533	893	0	0	10630	0	11
d38b27a95815858dc29ba424008491b1	0	0	0	0	0	0	0	0	0	0	0	0	0	0	0	0	0	2	0	0	0	0	0	0	0	0	0	0	0
d43f4f80cc4da7f9121a46004ca73e62	0	0	0	0	0	0	0	0	2	0	0	0	0	0	0	0	1919	0	0	0	0	0	0	0	0	0	0	0	0
d562d416cb496404e5fb4586348f890d	0	0	0	0	0	0	0	0	0	3	0	0	0	0	0	5	0	25	0	0	0	0	0	0	0	0	0	0	0
d5d22b4f4780661d7461b26e27efedbc	0	0	0	0	0	0	0	0	0	0	0	0	0	0	0	0	0	0	0	0	418	0	0	0	0	0	0	0	0
d86c248ebf31672c12ed9b059477a6f8	0	0	0	0	0	0	0	0	0	0	0	0	0	0	0	0	1884	0	0	0	0	0	0	0	0	0	0	0	0
d997ce93c347f5f00bb1a0ad728538c9	0	0	0	0	0	0	0	0	0	0	0	0	0	0	0	0	0	0	0	0	0	0	0	1446	0	0	8193	2926	0
db1228572f45a08078f458e56828f0e8	0	0	0	0	0	0	0	8	0	8485	3265	0	7	0	0	0	0	8482	0	2351	10556	0	0	9379	0	22	0	506	0
dbc1f415b7504ea38851dabae67bb463	0	0	0	0	0	0	0	0	0	0	0	0	0	0	0	0	0	0	0	0	0	0	0	0	2465	0	0	0	0
dbc23caddf1998d1596f2d7eba0957fa	0	0	0	0	0	0	0	0	0	0	2668	0	0	0	0	0	0	0	0	0	0	0	0	0	0	0	0	0	0
dc78a72efaa2e296b0b25a3c49d86dc2	0	0	0	0	0	0	0	0	0	0	0	0	0	0	0	0	0	0	0	0	1881	0	0	0	0	0	0	0	0
dc8e03fb20d5ef86de575de056d86594	0	0	0	0	0	0	0	0	0	0	0	0	0	0	0	0	1170	0	0	0	0	0	0	0	0	0	0	0	0
de136f7f50d9c718c21b5843920c4511	0	0	0	0	0	0	0	0	0	28994	0	0	0	0	0	0	0	23	0	0	0	0	0	0	0	8	0	0	0
de5c352082e15d6cfbfd9f6b59493b0f	0	0	0	0	4	0	0	0	0	38171	32692	0	0	0	0	0	0	3962	15	0	1933	0	0	0	0	4912	0	0	0
de956306430f525d506a82ebc3b37f3b	0	0	0	0	0	0	0	0	0	0	0	0	0	0	0	0	0	0	0	0	0	0	0	964	0	0	0	0	0
df64ab7ca8afeceedb63a1726db3517a	0	0	0	0	0	0	0	0	0	0	0	0	0	0	0	0	0	0	0	3	1674	0	0	0	0	0	0	0	0
dfda62368256319631a05d022a16de79	0	0	0	0	0	0	0	0	0	0	0	11	18069	0	0	0	0	0	0	0	10	0	0	0	0	0	0	0	0
dfe494a095142012cbabe91a111f9bc5	0	0	0	0	0	0	0	0	0	0	0	0	0	0	0	0	0	0	0	0	0	0	0	0	0	2117	0	0	0
dfe9ec8edfa4ebcd9979f3026c69156f	0	0	0	0	0	0	0	0	0	0	0	0	261	0	0	0	0	0	0	0	0	0	0	0	0	0	0	0	0
e1139882d9d5dc3a449ef7a80645ee59	0	0	0	0	0	0	0	0	0	0	0	0	0	670	0	2859	0	0	0	0	0	0	0	0	0	0	0	0	0
e1803e85477c06f1b9215d59e89ea818	0	0	0	0	0	0	0	0	0	0	0	0	0	0	0	0	0	9873	0	0	0	0	0	0	0	7	0	0	0
e229da9d41be5c272ad8cd5e966bf97b	0	0	0	0	0	0	0	0	0	0	0	0	0	0	3	0	0	0	0	0	0	0	0	0	0	0	0	0	0
e390a295c434158d3059bb63d61f82de	0	0	0	0	0	0	0	0	11013	0	0	0	0	0	0	0	0	0	0	0	0	0	0	0	0	0	0	0	0
e3b69ef82c9ed2b8277094e85f4989ec	0	0	0	0	0	0	0	0	0	0	0	13193	0	0	0	0	0	0	0	7	0	0	0	0	0	0	0	2	0
e69e7894bd0c23738225965f1eb02304	0	0	0	0	0	0	0	0	0	0	0	2	4151	0	0	0	0	0	0	0	1013	0	0	0	0	0	0	0	0
e926750fac51fb4193bb6c3852f2f077	0	0	0	0	0	0	0	0	0	0	0	0	0	562	0	0	0	0	0	0	0	0	0	0	0	0	0	0	0
ea87f058362b2921784c0e1a81b9b647	0	0	0	0	0	0	0	0	0	0	0	0	0	0	0	0	0	0	0	0	1536	0	0	0	0	0	0	0	0
ef013f220fad2df535a552bafc0af679	0	0	0	0	0	0	0	4537	0	0	0	0	10128	0	0	0	0	0	0	0	0	0	0	0	0	0	0	0	0
ef05a93b6428d5ee977aae5e4c77edec	0	0	0	0	0	0	0	0	0	5	0	0	0	0	0	0	0	0	0	0	0	0	0	0	0	0	0	0	0
ef71ac868547d94e729f60ddebf3d491	0	0	0	0	0	0	0	0	0	0	0	0	0	14	0	0	0	0	0	0	0	0	0	0	0	0	0	0	0
ef88f0adaa4962067aefa47992760539	0	0	0	0	0	0	0	0	0	0	0	0	0	0	0	0	2837	0	0	0	0	0	0	0	0	0	11493	2	0
f0364646a0fbc00900dfb3421ee11cdd	0	0	0	0	0	0	0	0	0	0	0	0	0	0	0	0	0	0	0	0	0	0	469	0	0	0	0	0	0
f08ae5f4afb51c826fca5a163008ac14	0	0	0	0	0	0	0	0	0	0	0	0	0	0	0	0	0	0	0	0	1978	0	0	0	0	0	0	0	0
f12aef75082ed433b909529cb6341182	0	0	0	0	0	0	0	0	0	0	0	0	0	0	0	110	0	0	0	2249	0	2275	0	0	0	0	0	0	0
f2315504e098dd544440dfd25bbaf287	0	0	0	0	0	0	0	0	0	0	0	0	0	0	0	0	176	0	0	0	0	0	0	0	0	0	0	0	0
f25f89791d918c6c37abab4461bf92ec	0	0	0	0	0	0	0	0	0	0	0	0	0	4485	0	0	0	0	0	0	0	0	0	0	0	0	0	0	0
f491d29e3c2dfa5498a80acd320af4d4	0	0	0	0	0	0	0	0	0	0	0	0	0	553	0	0	2298	0	0	0	0	2692	0	2389	0	0	0	0	0
f60991e850a6fc62a579733440926be2	0	0	0	0	0	0	0	0	0	0	0	0	0	0	0	0	0	0	0	0	0	2034	0	0	0	0	0	0	0
f65abbb6dfb4f34915de26d1ddbbd309	0	0	0	0	0	0	0	0	0	0	0	0	0	0	0	0	0	0	0	4974	0	0	0	0	0	0	0	0	0
f70d5ef3a4668498001afc918d531718	0	0	0	0	0	0	0	0	0	0	0	0	0	0	0	0	0	3354	0	0	2338	0	0	0	0	0	0	0	0
f7e508e603901b5b3b76a9b0f5d93cf0	0	0	0	0	0	0	0	0	0	0	0	0	0	0	0	0	0	2	0	0	0	0	0	0	0	0	0	0	0
f80035d5ef926b86fb38cc337e7d440e	0	0	0	0	0	0	0	0	0	0	0	0	0	0	0	0	0	0	0	0	1257	0	0	0	0	0	0	0	0
f800a75f4e9e35a3a61e578f139412f0	0	0	0	0	0	0	0	0	0	0	0	0	0	0	0	0	0	0	0	0	0	0	540	0	0	0	0	0	0
fa4610dd4fa3e42981a3b01ff8d67c37	0	0	0	0	0	0	0	0	0	0	0	0	0	0	0	0	0	0	0	0	0	0	0	1264	0	0	0	0	0
fbaf36da6181d56cfc5daacb804ff6b2	0	0	0	0	0	0	0	0	0	0	0	0	336	0	0	0	0	0	0	0	0	0	0	0	0	0	0	0	0
fd68425cb459095bf7a44aab7909f168	0	0	0	0	0	0	0	0	0	0	0	3	1163	0	0	0	0	0	0	0	0	0	0	0	0	0	0	0	0
ffe791c5bbf9ccffcf64f60df6d76f4b	0	0	0	0	0	0	0	0	0	0	0	0	0	634	0	0	0	0	0	0	0	2015	0	0	0	0	0	0	0